x,y,z,q0,q1,q2,q3
0.684566736221,0.297324717045,1.1044523716,0.496624231339,0.520729124546,0.334010213614,-0.60880446434
0.684437632561,0.297336339951,1.10448586941,0.496374607086,0.520765721798,0.333664178848,-0.609166443348
0.684183418751,0.297414243221,1.10460591316,0.495565325022,0.521272003651,0.333338677883,-0.609570324421
0.684076607227,0.297448217869,1.10463893414,0.496033668518,0.520992696285,0.332755953074,-0.609746575356
0.683984458447,0.297437906265,1.10471510887,0.495477110147,0.521182358265,0.332559943199,-0.610143721104
0.683808624744,0.297427266836,1.1047617197,0.495651036501,0.521012783051,0.332298964262,-0.610289514065
0.683711469173,0.297494918108,1.10474896431,0.495548784733,0.521057546139,0.33180642128,-0.610602140427
0.683624923229,0.297505557537,1.10478043556,0.49530813098,0.521099865437,0.331543684006,-0.610904097557
0.683538794518,0.297517061234,1.10480892658,0.494960129261,0.52125364542,0.331167817116,-0.611258506775
0.683460950851,0.297539889812,1.10484015942,0.494716286659,0.521356701851,0.33080047369,-0.611566901207
0.683376014233,0.297553837299,1.10487520695,0.49447748065,0.521497011185,0.330502778292,-0.611801326275
0.683291912079,0.297537177801,1.1048771143,0.49348244071,0.522045075893,0.330090671778,-0.612359642982
0.68323713541,0.297229707241,1.10474848747,0.486272037029,0.52352565527,0.329139441252,-0.617355585098
0.683149695396,0.297587394714,1.10493910313,0.493467897177,0.522116959095,0.329375118017,-0.612695157528
0.68307030201,0.297652900219,1.10491728783,0.493302941322,0.522355377674,0.32890433073,-0.61287778616
0.683038234711,0.297626197338,1.10494065285,0.492249727249,0.522848963737,0.328564882278,-0.613485515118
0.682981491089,0.297634661198,1.10495889187,0.491979211569,0.523089408875,0.328211337328,-0.61368650198
0.682916283607,0.297597408295,1.10500180721,0.491645962,0.523301362991,0.327961951494,-0.6139062047
0.682866454124,0.297592788935,1.10501587391,0.491308957338,0.523533403873,0.327705740929,-0.614114880562
0.682816147804,0.297578275204,1.10505568981,0.490998864174,0.523782968521,0.327410399914,-0.614307820797
0.682775378227,0.297564148903,1.10508871078,0.490693986416,0.524003267288,0.327186852694,-0.614482462406
0.682662844658,0.297517865896,1.10513472557,0.490243941545,0.52436619997,0.326980113983,-0.614642262459
0.682620942593,0.29747325182,1.1051992178,0.490020632744,0.524509727955,0.32683134079,-0.614776849747
0.682590186596,0.2974640131,1.10524773598,0.49023193121,0.524535357952,0.326528340578,-0.614747583866
0.682407855988,0.297368168831,1.10543131828,0.489631265402,0.524952709675,0.32650616765,-0.61488199234
0.682386398315,0.29730707407,1.10550880432,0.489436000586,0.525071442127,0.326451510191,-0.614964962006
0.682366847992,0.29728448391,1.10553908348,0.489209532738,0.525256335735,0.326335191727,-0.615049123764
0.682360231876,0.297251015902,1.10559725761,0.489026725292,0.525438964367,0.326173454523,-0.615124106407
0.682347714901,0.297232210636,1.10563457012,0.488853782415,0.525739848614,0.325846403837,-0.615177929401
0.682334542274,0.297184765339,1.10570931435,0.488687753677,0.525862634182,0.325754255056,-0.615253567696
0.682323157787,0.297153055668,1.10572862625,0.487981647253,0.526236474514,0.325655370951,-0.615546762943
0.68231511116,0.297105073929,1.10578966141,0.487879008055,0.526316642761,0.325599998236,-0.615588784218
0.682294487953,0.297096788883,1.10581099987,0.487688213587,0.526553869247,0.325541436672,-0.615568339825
0.682274162769,0.297025382519,1.10590219498,0.487504690886,0.526643514633,0.325478971004,-0.615669846535
0.682240724564,0.297023594379,1.10590565205,0.487396389246,0.526801288128,0.325291186571,-0.615719795227
0.682206690311,0.297004759312,1.10596632957,0.487962007523,0.526612579823,0.325107693672,-0.615530014038
0.682159543037,0.296963453293,1.10601973534,0.487791031599,0.526700675488,0.325079470873,-0.615605175495
0.682122349739,0.296916007996,1.10607922077,0.487624108791,0.526781976223,0.325010627508,-0.615704119205
0.682102024555,0.296465277672,1.10630500317,0.486603468657,0.526762902737,0.325107336044,-0.616476416588
0.682072997093,0.296426653862,1.1063657999,0.486459195614,0.52676230669,0.325036525726,-0.616627991199
0.681977987289,0.296793580055,1.10615313053,0.487225145102,0.526861429214,0.324586749077,-0.616175413132
0.681990861893,0.296354949474,1.10649299622,0.486135870218,0.526808977127,0.324634253979,-0.617055118084
0.681934893131,0.296726346016,1.10632622242,0.486998558044,0.526842415333,0.324439913034,-0.616448044777
0.681913435459,0.296682596207,1.10638451576,0.486912667751,0.526786029339,0.324417859316,-0.616575717926
0.681901752949,0.296651184559,1.10646426678,0.486862182617,0.52668517828,0.324324339628,-0.616750895977
0.682016968727,0.296369016171,1.10635006428,0.486756742001,0.526161909103,0.324455499649,-0.617211639881
0.681985378265,0.29634386301,1.10642266273,0.48672747612,0.52611964941,0.32441213727,-0.617293417454
0.681973099709,0.296278059483,1.10651028156,0.486454159021,0.526029288769,0.324337393045,-0.617625057697
0.681969106197,0.296267002821,1.10661363602,0.486485302448,0.525876939297,0.324298381805,-0.617750823498
0.682034134865,0.295892238617,1.10692727566,0.485640615225,0.525663912296,0.324240863323,-0.618626475334
0.682002544403,0.295874655247,1.10701882839,0.485572308302,0.525525927544,0.324112892151,-0.618864297867
0.681733727455,0.296134829521,1.10734176636,0.485433369875,0.526131808758,0.323843091726,-0.618599534035
0.681707024574,0.296631515026,1.10722744465,0.486453860998,0.526017427444,0.323611944914,-0.618015885353
0.681718111038,0.296609520912,1.10733020306,0.48647749424,0.525798082352,0.323501974344,-0.618241548538
0.68168926239,0.296496063471,1.10740613937,0.486221462488,0.525596499443,0.323544889688,-0.618591725826
0.68170106411,0.296492695808,1.10750234127,0.486215859652,0.525472044945,0.323494553566,-0.618728041649
0.681691706181,0.296524554491,1.10754454136,0.486219853163,0.525341928005,0.323396265507,-0.618886828423
0.681714951992,0.296459525824,1.10767281055,0.486124396324,0.525204122066,0.323415368795,-0.619068920612
0.681752562523,0.296379566193,1.10786390305,0.485785901546,0.525117337704,0.32324308157,-0.619498133659
0.681743562222,0.296469330788,1.10786235332,0.486015915871,0.524967551231,0.323050111532,-0.619545161724
0.681766867638,0.296344101429,1.10803997517,0.485762029886,0.524828195572,0.323027461767,-0.619874060154
0.681717991829,0.296306043863,1.10811388493,0.485557466745,0.524837732315,0.322966963053,-0.620057940483
0.681734204292,0.29629060626,1.10820698738,0.485446870327,0.524742901325,0.322840511799,-0.620290458202
0.681734800339,0.296268582344,1.10828006268,0.485416978598,0.524649560452,0.322853028774,-0.620386362076
0.681737065315,0.296257734299,1.1083483696,0.485417068005,0.524517297745,0.322912216187,-0.620467245579
0.681745588779,0.296251177788,1.1084100008,0.485517114401,0.524418652058,0.322866439819,-0.620496273041
0.681791424751,0.296224296093,1.108471632,0.485477805138,0.524268329144,0.322905242443,-0.620633780956
0.681780576706,0.296249866486,1.10847151279,0.48555380106,0.524154543877,0.323025643826,-0.62060791254
0.681800484657,0.296223968267,1.10852122307,0.48550632596,0.524088144302,0.323012709618,-0.620707631111
0.681819438934,0.296194076538,1.10857748985,0.485464185476,0.52407002449,0.322993576527,-0.620765864849
0.68184453249,0.296160459518,1.10861182213,0.485442072153,0.524003446102,0.323012918234,-0.62082952261
0.68193423748,0.295838683844,1.1088449955,0.48478102684,0.523778796196,0.323078632355,-0.621500968933
0.681965887547,0.295803725719,1.10889446735,0.484766185284,0.523710370064,0.323159605265,-0.621528148651
0.681999385357,0.295749425888,1.1089309454,0.484702974558,0.523704767227,0.323143035173,-0.621590733528
0.682038784027,0.295695900917,1.10895895958,0.484652608633,0.523712992668,0.323301553726,-0.621540725231
0.682069659233,0.295632779598,1.10900568962,0.484562814236,0.523709952831,0.323358088732,-0.62158370018
0.68212723732,0.295533835888,1.10908770561,0.484501689672,0.523587882519,0.323546141386,-0.621636271477
0.68220192194,0.29545211792,1.10911917686,0.484378308058,0.523571491241,0.323538094759,-0.621750533581
0.68223553896,0.29537525773,1.10913586617,0.484302103519,0.523616850376,0.323615372181,-0.62173140049
0.682297706604,0.295331954956,1.10914385319,0.484283000231,0.52358186245,0.323700368404,-0.621731579304
0.682348191738,0.295255929232,1.10914325714,0.484296649694,0.523602962494,0.323823183775,-0.6216391325
0.682413339615,0.29520791769,1.10914230347,0.484171152115,0.523686885834,0.323903858662,-0.621624171734
0.682470142841,0.295217752457,1.10908162594,0.48427978158,0.523734807968,0.323951363564,-0.62147462368
0.682551026344,0.295081198215,1.10911548138,0.484191149473,0.523716032505,0.324144154787,-0.621458768845
0.682630419731,0.295097589493,1.10906863213,0.484321683645,0.523771345615,0.324178248644,-0.621292591095
0.682686626911,0.295258581638,1.10891842842,0.484883368015,0.52390396595,0.324232757092,-0.620714247227
0.682884454727,0.295113921165,1.10893988609,0.484705746174,0.523879885674,0.324144989252,-0.620918929577
0.682986557484,0.295024991035,1.10897707939,0.484607964754,0.523948788643,0.324240773916,-0.620886981487
0.683104872704,0.294864028692,1.1090297699,0.484362602234,0.523987472057,0.324348628521,-0.620989501476
0.683211863041,0.294830232859,1.1090079546,0.484388798475,0.524105966091,0.324324637651,-0.620881617069
0.683313429356,0.294842094183,1.10892724991,0.484455049038,0.524243831635,0.324306964874,-0.620722830296
0.683459699154,0.294632911682,1.10903906822,0.484231501818,0.524281084538,0.324491411448,-0.620769321918
0.683482050896,0.294914901257,1.10867798328,0.485233098269,0.524425208569,0.324561357498,-0.619828343391
0.683802306652,0.294604837894,1.10875403881,0.484640985727,0.524372041225,0.324423313141,-0.620408475399
0.683947086334,0.294562250376,1.10872173309,0.484705299139,0.524501025677,0.324586808681,-0.620163619518
0.684068500996,0.294472068548,1.1086871624,0.484631747007,0.524659216404,0.324646800756,-0.620055913925
0.684254765511,0.294610619545,1.10853946209,0.485364258289,0.524721324444,0.324811905622,-0.619343400002
0.684409022331,0.294550359249,1.10849392414,0.48538672924,0.524825692177,0.324838340282,-0.619223594666
0.684529423714,0.294488370419,1.10845267773,0.485435903072,0.525008261204,0.324904590845,-0.618995428085
0.684656858444,0.294425904751,1.10838806629,0.48538851738,0.52518093586,0.325055778027,-0.618806898594
0.684795439243,0.294376134872,1.10834395885,0.485384941101,0.525285482407,0.325203567743,-0.61864310503
0.684937536716,0.294294923544,1.10832870007,0.48539429903,0.525313556194,0.325439691544,-0.61848783493
0.685113430023,0.293903887272,1.10848593712,0.48462215066,0.525427043438,0.325750052929,-0.618833363056
0.68527162075,0.293887615204,1.10844421387,0.48483145237,0.525563120842,0.325815081596,-0.618519484997
0.685348570347,0.294096380472,1.10823535919,0.485290229321,0.525806903839,0.326066434383,-0.617819845676
0.685580551624,0.29377245903,1.10837554932,0.484516650438,0.525922656059,0.326205670834,-0.618254721165
0.685687541962,0.293715059757,1.10834491253,0.484444916248,0.526014626026,0.326423764229,-0.618117392063
0.6857894063,0.293689161539,1.10828363895,0.484504431486,0.526153087616,0.326584726572,-0.617868125439
0.685932993889,0.293873310089,1.10802078247,0.485232114792,0.526170790195,0.326623678207,-0.617260992527
0.686061322689,0.293458819389,1.10811650753,0.483067721128,0.526608765125,0.326854616404,-0.618461668491
0.686240613461,0.293695211411,1.10786569118,0.484154611826,0.52657943964,0.326924115419,-0.6175994277
0.686340928078,0.293755829334,1.10787272453,0.485359370708,0.526574790478,0.327088087797,-0.616570174694
0.686435818672,0.293721616268,1.10782384872,0.485232532024,0.526750445366,0.327215105295,-0.616452693939
0.686526536942,0.293701171875,1.10778737068,0.485215008259,0.526886641979,0.327424824238,-0.616238474846
0.686633229256,0.293790817261,1.10784649849,0.485823899508,0.526779532433,0.327911227942,-0.615591347218
0.686715900898,0.293746113777,1.10782504082,0.485781878233,0.52684867382,0.328076124191,-0.615477502346
0.686869204044,0.293730974197,1.10777783394,0.485829025507,0.526871085167,0.328095555305,-0.615410745144
0.686947703362,0.293662071228,1.10780906677,0.485785067081,0.526841104031,0.328369736671,-0.615324795246
0.687002301216,0.293680429459,1.1077337265,0.485816180706,0.527016162872,0.32833224535,-0.615170240402
0.687083721161,0.293620169163,1.10777842999,0.485779374838,0.52709800005,0.328616797924,-0.614977300167
0.687190711498,0.293582558632,1.10776925087,0.48575758934,0.527099728584,0.328631609678,-0.614985108376
0.68728351593,0.29321295023,1.10779047012,0.484437525272,0.527343630791,0.328284204006,-0.61600202322
0.68735986948,0.293198466301,1.10794794559,0.484967947006,0.527127802372,0.328872472048,-0.615455329418
0.68741351366,0.293204367161,1.10789966583,0.484991639853,0.527198195457,0.328949928284,-0.615335047245
0.687467455864,0.293176412582,1.10787558556,0.484916210175,0.527242898941,0.328988969326,-0.615335345268
0.687470197678,0.293430626392,1.10769116879,0.485607296228,0.527291476727,0.329078137875,-0.614700675011
0.687518954277,0.293423712254,1.10768532753,0.485640674829,0.527278721333,0.329159110785,-0.614641785622
0.687548041344,0.293396323919,1.10766506195,0.485620558262,0.527228534222,0.329311907291,-0.614618957043
0.687615633011,0.293114721775,1.10778796673,0.48504075408,0.527237474918,0.329316318035,-0.615066587925
0.687665820122,0.2930329144,1.1078234911,0.484860062599,0.527172088623,0.329433590174,-0.61520242691
0.687685251236,0.293026566505,1.10782766342,0.48485994339,0.527184486389,0.329487204552,-0.615163087845
0.687703490257,0.292992532253,1.10781860352,0.484841883183,0.52717345953,0.329553872347,-0.615150988102
0.687707781792,0.293050527573,1.10775959492,0.484935492277,0.527169108391,0.329519957304,-0.615099132061
0.687673807144,0.293315947056,1.10758471489,0.485767453909,0.527178227901,0.329566955566,-0.614409267902
0.687672972679,0.293236345053,1.10763883591,0.485564678907,0.527158558369,0.329616069794,-0.614560127258
0.687723577023,0.292925238609,1.10780775547,0.484886527061,0.527084231377,0.329663604498,-0.615133583546
0.687662661076,0.293202072382,1.10760450363,0.485615521669,0.527101874352,0.329683274031,-0.614532530308
0.68764269352,0.293258041143,1.1075502634,0.4856980443,0.527099847794,0.329560130835,-0.614535152912
0.687628567219,0.293160796165,1.10757946968,0.485699743032,0.52706861496,0.329697221518,-0.614486813545
0.687606573105,0.29313954711,1.10758018494,0.485583275557,0.527046978474,0.329635560513,-0.614630579948
0.687577426434,0.293115347624,1.10754907131,0.485677570105,0.52706182003,0.329663336277,-0.614528477192
0.687555789948,0.293077766895,1.10754370689,0.485558211803,0.527021110058,0.329621493816,-0.614680111408
0.687511742115,0.29305383563,1.10752701759,0.485491752625,0.527058839798,0.329594343901,-0.614714801311
0.687477111816,0.293032348156,1.10750985146,0.485631376505,0.527028143406,0.329642564058,-0.614605009556
0.687451481819,0.293008923531,1.10749089718,0.485650777817,0.526988267899,0.329681843519,-0.614602863789
0.687397658825,0.292972564697,1.10745966434,0.485775202513,0.526965916157,0.329689115286,-0.614519894123
0.68735897541,0.292953014374,1.10744524002,0.485784202814,0.526946485043,0.329697996378,-0.614524543285
0.687299728394,0.292885541916,1.10728800297,0.485236048698,0.527173519135,0.329264342785,-0.614995121956
0.68727517128,0.292877823114,1.10727787018,0.485277116299,0.527191638947,0.329181522131,-0.614991664886
0.687230408192,0.29282617569,1.10726678371,0.485189855099,0.527222633362,0.329147607088,-0.615051925182
0.687189817429,0.292831778526,1.10725724697,0.485237419605,0.527217209339,0.329089820385,-0.615050017834
0.687147796154,0.292806982994,1.10723495483,0.485216856003,0.527258336544,0.329015225172,-0.615070939064
0.687112271786,0.292800545692,1.10721790791,0.485262125731,0.527263939381,0.328945308924,-0.615067839622
0.687068462372,0.292792290449,1.10721719265,0.485287606716,0.527267992496,0.328925251961,-0.615055143833
0.687008976936,0.292739242315,1.10718107224,0.485262095928,0.527246892452,0.32888802886,-0.615113198757
0.686960041523,0.292741954327,1.10715448856,0.485288649797,0.527231097221,0.328721404076,-0.615194737911
0.686901152134,0.292745292187,1.10715818405,0.485494226217,0.524156749249,0.332646280527,-0.615549862385
0.686847448349,0.292506664991,1.10702633858,0.48502010107,0.525793075562,0.327764987946,-0.617144584656
0.686808764935,0.292696237564,1.10712981224,0.485204517841,0.52737224102,0.328491121531,-0.615263104439
0.686794757843,0.292413949966,1.10729122162,0.484537541866,0.52739751339,0.328433424234,-0.615797758102
0.686739563942,0.292398929596,1.10728764534,0.484430938959,0.52747631073,0.328311562538,-0.615879058838
0.686691761017,0.292377322912,1.10726761818,0.484469622374,0.527392029762,0.328276187181,-0.615939617157
0.686630427837,0.292292952538,1.10720860958,0.483268916607,0.527708590031,0.328241676092,-0.616629898548
0.68656629324,0.292249917984,1.10722482204,0.483202964067,0.527731716633,0.328270018101,-0.616646587849
0.686421275139,0.292234420776,1.10721373558,0.483127385378,0.527834773064,0.328318625689,-0.616591691971
0.68634802103,0.29219892621,1.10719251633,0.483136028051,0.527805566788,0.328406751156,-0.616563141346
0.686269938946,0.292267739773,1.10723090172,0.484438240528,0.527481675148,0.32840514183,-0.615818738937
0.686199247837,0.292303770781,1.10715818405,0.484601974487,0.527464747429,0.32847315073,-0.615668356419
0.686135828495,0.292287200689,1.10715544224,0.484731703997,0.527382075787,0.328616559505,-0.615560412407
0.686081111431,0.292291104794,1.10715687275,0.48486867547,0.527295708656,0.328722178936,-0.61547011137
0.686037480831,0.292279213667,1.10714411736,0.485056251287,0.52715921402,0.328887015581,-0.615351140499
0.685979604721,0.292252957821,1.10713624954,0.485160082579,0.527023792267,0.329150497913,-0.61524438858
0.68582379818,0.292191267014,1.10713148117,0.485135763884,0.527054071426,0.329316556454,-0.615148723125
0.685776889324,0.292223751545,1.10712957382,0.485311031342,0.526985883713,0.329355925322,-0.615047931671
0.685737252235,0.292230725288,1.10712587833,0.48536965251,0.526914000511,0.329343855381,-0.615069627762
0.685697674751,0.292293846607,1.1072742939,0.485978633165,0.52661973238,0.329786270857,-0.61460351944
0.685662508011,0.29225602746,1.10732877254,0.485909253359,0.526517868042,0.329785645008,-0.614745974541
0.685586810112,0.292321711779,1.10727524757,0.485966682434,0.526537835598,0.329710513353,-0.614723742008
0.685542464256,0.292300254107,1.10734200478,0.485893934965,0.526461064816,0.329698890448,-0.614853143692
0.685584485531,0.292386054993,1.10736250877,0.486028254032,0.52635961771,0.329455435276,-0.614964425564
0.685511410236,0.292478144169,1.10732400417,0.486110538244,0.526348590851,0.329319983721,-0.614981412888
0.685426473618,0.29274636507,1.10720086098,0.486758947372,0.52621024847,0.329242527485,-0.614628314972
0.685361862183,0.292771041393,1.10721433163,0.486706465483,0.526118993759,0.329048484564,-0.614852011204
0.685273468494,0.292865484953,1.10717773438,0.486846864223,0.526098549366,0.328933775425,-0.614819467068
0.685200810432,0.292881190777,1.10717523098,0.486803472042,0.526131153107,0.328860551119,-0.61486518383
0.685167849064,0.292865633965,1.10724830627,0.486808985472,0.525965154171,0.328900963068,-0.614981293678
0.684846222401,0.292858093977,1.10731720924,0.486375957727,0.526228606701,0.32910361886,-0.614990115166
0.684814810753,0.292874217033,1.10733568668,0.486370623112,0.526053607464,0.329015016556,-0.615191280842
0.684762239456,0.292929232121,1.10733878613,0.486262530088,0.52601736784,0.328942596912,-0.615346670151
0.684741854668,0.292991489172,1.10736083984,0.486158490181,0.525891363621,0.328879714012,-0.61556994915
0.684681773186,0.292973399162,1.10723543167,0.485733419657,0.525906801224,0.32872775197,-0.615973412991
0.684688568115,0.292738080025,1.10741102695,0.485004931688,0.525773048401,0.328654259443,-0.616700470448
0.684639930725,0.292785406113,1.10741424561,0.485038340092,0.525687217712,0.328631132841,-0.61675965786
0.684639692307,0.292866885662,1.1074180603,0.48502472043,0.525568544865,0.32847198844,-0.616956233978
0.684604763985,0.292898029089,1.10745036602,0.4851808846,0.52532351017,0.328287899494,-0.617139995098
0.684619367123,0.29296541214,1.10743045807,0.485248506069,0.525230526924,0.328160077333,-0.617233932018
0.684638023376,0.293047964573,1.1074436903,0.485236227512,0.525089561939,0.327819764614,-0.617544233799
0.684690952301,0.293175756931,1.10741102695,0.485549926758,0.524832606316,0.327471524477,-0.617700994015
0.684791922569,0.293291479349,1.10740077496,0.485899865627,0.524450004101,0.327093362808,-0.617951154709
0.684996426105,0.293466150761,1.10738420486,0.486424148083,0.523875355721,0.326474159956,-0.618353366852
0.685131192207,0.293628156185,1.10737061501,0.487165272236,0.523273289204,0.326046347618,-0.618505358696
0.685466885567,0.293764650822,1.10730588436,0.48810082674,0.522207856178,0.325814723969,-0.618790209293
0.685608744621,0.293969035149,1.10732746124,0.489080160856,0.521363914013,0.325372189283,-0.618961453438
0.68584561348,0.294169425964,1.10732507706,0.489989429712,0.520390033722,0.324758470058,-0.619384109974
0.686084389687,0.294364929199,1.10734450817,0.491186350584,0.519296467304,0.324221134186,-0.619635224342
0.686305701733,0.294582396746,1.1073884964,0.492531806231,0.51830381155,0.323590964079,-0.619727671146
0.686639487743,0.294983357191,1.10743224621,0.494122236967,0.517065882683,0.322509676218,-0.620059430599
0.686848938465,0.295146405697,1.10756778717,0.495456755161,0.515818357468,0.322136670351,-0.620227456093
0.687008857727,0.295358777046,1.10763907433,0.496763765812,0.5146702528,0.321082621813,-0.620682060719
0.687161505222,0.295562893152,1.10774052143,0.498066276312,0.513555049896,0.320139884949,-0.621048867702
0.687252283096,0.295837402344,1.1077105999,0.499306619167,0.512312352657,0.318711459637,-0.621813416481
0.687335252762,0.296050071716,1.10782623291,0.50064766407,0.510923564434,0.317811131477,-0.622338473797
0.687401473522,0.296235620975,1.10793662071,0.500337660313,0.509758651257,0.318715959787,-0.623079895973
0.687423944473,0.296384811401,1.10820531845,0.502276539803,0.507327437401,0.317673116922,-0.624036133289
0.687395393848,0.29659050703,1.10834217072,0.503210186958,0.507526636124,0.313952028751,-0.625004351139
0.687375307083,0.29653903842,1.10833930969,0.503635764122,0.505568087101,0.314938515425,-0.625752091408
0.687236011028,0.29689091444,1.10873115063,0.505133211613,0.50387352705,0.313840210438,-0.626463294029
0.687171220779,0.296873569489,1.10875701904,0.505869865417,0.502895891666,0.312531679869,-0.627308011055
0.686788856983,0.296990722418,1.10895764828,0.506067931652,0.502402245998,0.310647517443,-0.628478646278
0.686471581459,0.297370254993,1.10929512978,0.506949901581,0.502014100552,0.3087849617,-0.628995656967
0.686242163181,0.297470331192,1.10942566395,0.507533788681,0.501095414162,0.307148784399,-0.630057632923
0.685923099518,0.297247052193,1.10939610004,0.509483575821,0.499916553497,0.307496339083,-0.629250407219
0.685705780983,0.297588288784,1.10954964161,0.508521735668,0.499642848969,0.303856611252,-0.632007956505
0.685280442238,0.297260820866,1.10960710049,0.51042586565,0.498412519693,0.304999262094,-0.63089299202
0.684921145439,0.296931684017,1.1094045639,0.509088099003,0.499327123165,0.305348217487,-0.63108175993
0.684669613838,0.297190666199,1.10964429379,0.510896205902,0.497259050608,0.302187949419,-0.632772505283
0.684332430363,0.296923816204,1.10947370529,0.50870513916,0.498640567064,0.301188707352,-0.63392585516
0.683997571468,0.297123193741,1.10966646671,0.5090072155,0.497236102819,0.298076122999,-0.636253654957
0.683554530144,0.297096848488,1.10971987247,0.50984120369,0.496811628342,0.297421365976,-0.63622379303
0.68330013752,0.297043800354,1.10974144936,0.510078251362,0.49646255374,0.296310842037,-0.636824131012
0.683066964149,0.297001540661,1.10977530479,0.510515451431,0.495885938406,0.294897317886,-0.637578606606
0.682841956615,0.296925902367,1.10975813866,0.510823845863,0.495646327734,0.293975353241,-0.637943863869
0.682512164116,0.296855807304,1.10977697372,0.511099815369,0.495487451553,0.292928278446,-0.638327777386
0.682288587093,0.296750605106,1.10977900028,0.511892914772,0.495204389095,0.292138397694,-0.638273954391
0.682062923908,0.296639323235,1.1097381115,0.511934995651,0.495113641024,0.291238158941,-0.638721704483
0.681816697121,0.29687461257,1.1095495224,0.512744605541,0.495074927807,0.290280818939,-0.638537943363
0.681639909744,0.296842694283,1.10955500603,0.51292681694,0.494883239269,0.288999706507,-0.639121234417
0.681419432163,0.296524047852,1.10939586163,0.512204825878,0.496033102274,0.290321290493,-0.638209164143
0.681319534779,0.296430617571,1.10967993736,0.514412283897,0.494396865368,0.288865476847,-0.63836401701
0.681063175201,0.296305000782,1.10965144634,0.514079809189,0.494619548321,0.28708833456,-0.639260351658
0.680892467499,0.296202868223,1.10960888863,0.513371407986,0.496532231569,0.282798320055,-0.640258312225
0.680770516396,0.296204388142,1.10959851742,0.514706969261,0.494844436646,0.286756932735,-0.638730108738
0.680653452873,0.296182751656,1.10955548286,0.515030264854,0.494996398687,0.285864770412,-0.638751864433
0.680569112301,0.296109437943,1.10954642296,0.514946639538,0.495281726122,0.284995138645,-0.638986587524
0.680443704128,0.296019166708,1.10947918892,0.515225529671,0.49576947093,0.284328639507,-0.63868033886
0.680180668831,0.295996427536,1.10944926739,0.515465795994,0.49632063508,0.283697962761,-0.638338804245
0.680093288422,0.295950949192,1.10940206051,0.515547037125,0.496697664261,0.283087223768,-0.638251066208
0.680177688599,0.295856595039,1.10925626755,0.515525698662,0.496748834848,0.281023055315,-0.63914000988
0.680135428905,0.295838654041,1.10920071602,0.512567996979,0.498175233603,0.279449403286,-0.641095638275
0.680091559887,0.295809626579,1.10912430286,0.513044595718,0.498620599508,0.278801769018,-0.640650093555
0.680028378963,0.296072900295,1.10888719559,0.513928174973,0.49901458621,0.278018862009,-0.639975070953
0.680030345917,0.296123415232,1.10880565643,0.5172290802,0.498533725739,0.279140561819,-0.637196183205
0.679995596409,0.295863687992,1.10858798027,0.5154312253,0.500248491764,0.280065655708,-0.636902987957
0.680052876472,0.296076536179,1.10863232613,0.51843559742,0.50022572279,0.274412870407,-0.636942923069
0.680087327957,0.296090960503,1.10855793953,0.518779039383,0.500471770763,0.273550450802,-0.636840999126
0.680102586746,0.296133607626,1.10854578018,0.519022226334,0.499478071928,0.275957494974,-0.636384367943
0.680188894272,0.296178102493,1.10847747326,0.519891500473,0.499446094036,0.275035083294,-0.636099278927
0.680286943913,0.296281397343,1.10840344429,0.520795226097,0.499705165625,0.273904234171,-0.635644316673
0.680346190929,0.296442002058,1.10826826096,0.521601915359,0.50103199482,0.269060283899,-0.636007249355
0.680427491665,0.296538889408,1.10823142529,0.522462368011,0.500087559223,0.27125120163,-0.635112941265
0.680505514145,0.296614706516,1.10817086697,0.523306906223,0.50012087822,0.270070135593,-0.634894609451
0.68057847023,0.296778976917,1.10815799236,0.52433860302,0.499824076891,0.268316507339,-0.63502061367
0.680631995201,0.29681545496,1.10812902451,0.525936722755,0.500832140446,0.263502269983,-0.634920656681
0.680694282055,0.296992063522,1.10811388493,0.526646316051,0.499600589275,0.264956206083,-0.634697794914
0.680763363838,0.297237962484,1.10816895962,0.52869284153,0.499174207449,0.262984663248,-0.634151518345
0.680747032166,0.297374248505,1.10821712017,0.529641389847,0.49901458621,0.260820299387,-0.634379386902
0.680685341358,0.297457396984,1.10827040672,0.531333565712,0.499930292368,0.254908204079,-0.634646594524
0.680586338043,0.297660380602,1.10838150978,0.532161533833,0.498540639877,0.255648374557,-0.634748280048
0.68030577898,0.297739326954,1.10853481293,0.533404529095,0.498705983162,0.252867937088,-0.634688735008
0.680123507977,0.297508656979,1.10897254944,0.5331158638,0.498367607594,0.249608233571,-0.636484861374
0.6795976758,0.297636419535,1.10920882225,0.53414618969,0.498698055744,0.245996817946,-0.636768102646
0.678986728191,0.297963023186,1.10921120644,0.5358684659,0.499531567097,0.238779470325,-0.637414753437
0.678053677082,0.298045665026,1.10959935188,0.535577893257,0.498940318823,0.238204628229,-0.638336539268
0.677099645138,0.298001408577,1.10992574692,0.535706281662,0.499189287424,0.234226867557,-0.639505147934
0.67601120472,0.297674238682,1.11072468758,0.53472340107,0.499120175838,0.23014241457,-0.641860187054
0.674791395664,0.297612726688,1.11115646362,0.534833550453,0.49904769659,0.225346982479,-0.643524110317
0.673548102379,0.297735244036,1.11139798164,0.535066723824,0.498683124781,0.219736978412,-0.64554977417
0.672039628029,0.297658264637,1.1118260622,0.53468900919,0.498857349157,0.214618429542,-0.647447288036
0.670419752598,0.297318637371,1.11238694191,0.534250438213,0.498743802309,0.209467515349,-0.649580299854
0.668956339359,0.296842366457,1.11293268204,0.533649563789,0.497879475355,0.204035773873,-0.652459681034
0.667236804962,0.296364992857,1.11357116699,0.533254384995,0.497323304415,0.198735505342,-0.654838562012
0.66523629427,0.295633852482,1.11390686035,0.530349075794,0.498616486788,0.195121601224,-0.657296717167
0.663313627243,0.294984340668,1.11445224285,0.530652761459,0.497542887926,0.189910829067,-0.659388124943
0.661297976971,0.294356942177,1.11502182484,0.531809031963,0.496463567019,0.181027859449,-0.661764383316
0.65942633152,0.293794631958,1.11563754082,0.535427093506,0.493844985962,0.174620270729,-0.662527740002
0.657345294952,0.293131172657,1.11613953114,0.535818934441,0.492028772831,0.16857765615,-0.665122151375
0.655188560486,0.29205173254,1.11665987968,0.531191110611,0.49177891016,0.16421584785,-0.670091509819
0.652951300144,0.291081637144,1.11734557152,0.531227886677,0.489867329597,0.158173918724,-0.672910094261
0.651096940041,0.290914535522,1.11814177036,0.538647055626,0.484945505857,0.149832054973,-0.672486186028
0.648767948151,0.289875268936,1.11887145042,0.54339659214,0.481294840574,0.14467510581,-0.672417104244
0.646263003349,0.288669228554,1.11952102184,0.545853435993,0.478292495012,0.138726592064,-0.67382144928
0.643782436848,0.287595868111,1.12023150921,0.54842787981,0.475558698177,0.132768690586,-0.674865365028
0.641186237335,0.28659337759,1.12090718746,0.551319181919,0.472716778517,0.127099752426,-0.675597250462
0.638620972633,0.285290151834,1.12162923813,0.553476810455,0.469262719154,0.120907023549,-0.677375435829
0.636016249657,0.283862262964,1.12251079082,0.555825710297,0.465721040964,0.115202024579,-0.678888976574
0.63333761692,0.283015429974,1.12330448627,0.539109706879,0.456722468138,0.101988367736,-0.700259804726
0.630011439323,0.281122386456,1.12417769432,0.573446810246,0.454521358013,0.114496171474,-0.671907484531
0.627682745457,0.280261039734,1.12515115738,0.538222908974,0.452909141779,0.0917571261525,-0.704819381237
0.624548912048,0.278653532267,1.12622356415,0.537758946419,0.448685795069,0.0847954601049,-0.708735585213
0.621609628201,0.277194321156,1.12734436989,0.537392556667,0.444260388613,0.0783586204052,-0.712532162666
0.618549108505,0.275736600161,1.12839579582,0.537426531315,0.439827620983,0.0709495022893,-0.71602421999
0.615352988243,0.274305015802,1.12959957123,0.536896109581,0.436385720968,0.064184255898,-0.71915948391
0.612176656723,0.272696852684,1.13088989258,0.536886870861,0.431406408548,0.0577093437314,-0.722710669041
0.608859837055,0.271030545235,1.13210725784,0.535700321198,0.427202224731,0.0511019229889,-0.726575613022
0.605721414089,0.269503474236,1.133472085,0.534997820854,0.42214858532,0.0443497188389,-0.730480074883
0.602301537991,0.267903000116,1.13496422768,0.534574270248,0.417784273624,0.0420890413225,-0.733426988125
0.598964691162,0.266096770763,1.13638532162,0.532964229584,0.413375765085,0.0321431793272,-0.7375882864
0.595596313477,0.26435059309,1.1379185915,0.532837092876,0.40874093771,0.0311607159674,-0.740300238132
0.592159986496,0.262753367424,1.13944923878,0.531979978085,0.404714077711,0.0253523755819,-0.743344604969
0.588669478893,0.260774493217,1.14096772671,0.529481887817,0.39988771081,0.0158127658069,-0.74798989296
0.585418045521,0.259032160044,1.14260828495,0.528519332409,0.394768804312,0.0148609941825,-0.751401424408
0.581973135471,0.257050126791,1.14425253868,0.526728212833,0.390117257833,0.00564736081287,-0.755204737186
0.578704595566,0.255260139704,1.14594662189,0.524701118469,0.386119782925,0.0010079088388,-0.758682608604
0.575462222099,0.253338187933,1.14757394791,0.52336204052,0.380644440651,-0.00307544134557,-0.762359976768
0.572232723236,0.251690775156,1.14934420586,0.555598080158,0.380191236734,-0.00326772965491,-0.739428699017
0.568884372711,0.249657720327,1.15097391605,0.559899330139,0.376772612333,-0.0123653775081,-0.737836182117
0.565619766712,0.247543334961,1.15267944336,0.514323294163,0.366679280996,-0.0161502175033,-0.7750852108
0.562467157841,0.245693802834,1.15445375443,0.512840509415,0.362500488758,-0.014389785938,-0.778062403202
0.559312224388,0.243803203106,1.1561216116,0.510581970215,0.356592953205,-0.0184340067208,-0.782181382179
0.556292176247,0.242215901613,1.15790593624,0.509948730469,0.353383719921,-0.0215474236757,-0.783969461918
0.553246855736,0.240135997534,1.15953361988,0.506376743317,0.347524493933,-0.0243927892298,-0.788805603981
0.550637125969,0.238240420818,1.16140067577,0.504501998425,0.343319892883,-0.027004390955,-0.791757583618
0.547705173492,0.236345767975,1.16309392452,0.502098560333,0.339076638222,-0.0293069574982,-0.795025408268
0.544966578484,0.234686538577,1.16482591629,0.50204449892,0.335362017155,-0.0317217633128,-0.796540975571
0.542318940163,0.232926204801,1.1665456295,0.499685227871,0.331267684698,-0.0335294269025,-0.799657583237
0.539295971394,0.231468260288,1.16810274124,0.499266862869,0.328154951334,-0.035664755851,-0.801108598709
0.536598205566,0.229804158211,1.16980099678,0.497118771076,0.324083119631,-0.0372187942266,-0.804026007652
0.53394818306,0.228114932775,1.17145335674,0.495826244354,0.321028739214,-0.0391624234617,-0.805954933167
0.531825304031,0.226289466023,1.17307269573,0.491844385862,0.316643476486,-0.0403043292463,-0.810062766075
0.530140161514,0.225760981441,1.17347002029,0.493288785219,0.311706066132,-0.0443055182695,-0.81089001894
0.527906060219,0.223585397005,1.17520022392,0.487221509218,0.305819362402,-0.0447602793574,-0.81675350666
0.525083065033,0.22263468802,1.176253438,0.486757099628,0.305548191071,-0.0463987588882,-0.817040324211
0.522883832455,0.220762103796,1.1777728796,0.48477563262,0.300552755594,-0.0468281544745,-0.820041418076
0.520837545395,0.219427883625,1.17915415764,0.484335571527,0.300245553255,-0.0470761135221,-0.820399582386
0.519148826599,0.217517510056,1.18090486526,0.479117840528,0.294660180807,-0.0468925833702,-0.825483381748
0.516885697842,0.216400519013,1.18218028545,0.478507399559,0.29289239645,-0.0465436801314,-0.826485693455
0.515264570713,0.214758053422,1.1836425066,0.478013426065,0.289246320724,-0.0461030565202,-0.828078627586
0.513161301613,0.213717505336,1.18480813503,0.478058815002,0.290144354105,-0.0457796156406,-0.827756226063
0.511880040169,0.212423205376,1.18606734276,0.471375524998,0.284775495529,-0.0454475022852,-0.833452224731
0.509669423103,0.211493268609,1.18691790104,0.470394521952,0.283478736877,-0.0456954874098,-0.834434390068
0.508327186108,0.210428729653,1.1877579689,0.469574838877,0.281480610371,-0.0456771031022,-0.835572719574
0.506636500359,0.209583476186,1.18885803223,0.469026714563,0.28185364604,-0.0453980080783,-0.835770010948
0.505453944206,0.208025738597,1.18992781639,0.46825876832,0.280398875475,-0.0437371358275,-0.836777925491
0.504078388214,0.206984043121,1.19078791142,0.466945648193,0.279079020023,-0.0429812185466,-0.837991297245
0.50268048048,0.205894231796,1.19159340858,0.466017246246,0.277441173792,-0.0422425195575,-0.83908867836
0.501505613327,0.205240994692,1.19221901894,0.465740263462,0.276484131813,-0.0411093644798,-0.839614570141
0.50022149086,0.204529359937,1.19313514233,0.464617341757,0.276416867971,-0.0398042313755,-0.840321362019
0.499190211296,0.203897625208,1.19361782074,0.464632302523,0.275655567646,-0.0389990359545,-0.840600907803
0.498043239117,0.203071027994,1.19408857822,0.463989108801,0.274465471506,-0.038043640554,-0.841389000416
0.496731936932,0.202676460147,1.19410467148,0.464176058769,0.273409128189,-0.0382387749851,-0.841620981693
0.495847761631,0.202181652188,1.194439888,0.464581042528,0.272817134857,-0.0367723107338,-0.841654956341
0.495026171207,0.201800316572,1.19503116608,0.465395957232,0.273037999868,-0.0357241779566,-0.841178178787
0.494281440973,0.201422005892,1.19511413574,0.467340350151,0.272066444159,-0.032081246376,-0.840561568737
0.493647545576,0.200856953859,1.19496524334,0.468449950218,0.271877348423,-0.0296316407621,-0.840094804764
0.492964625359,0.20056052506,1.1950596571,0.469806939363,0.271147429943,-0.0275433491915,-0.839643955231
0.492484480143,0.200413480401,1.19499135017,0.47073996067,0.271047532558,-0.0261266026646,-0.839198708534
0.492381215096,0.200042843819,1.19497513771,0.471498221159,0.270432978868,-0.0237138345838,-0.839043021202
0.491934269667,0.200179383159,1.19490194321,0.472960531712,0.270886898041,-0.0223767459393,-0.838109731674
0.491639256477,0.200125232339,1.19472241402,0.473190099001,0.271579563618,-0.0222981739789,-0.83775806427
0.491600632668,0.20034840703,1.19439995289,0.474760144949,0.271799921989,-0.0204411763698,-0.836845219135
0.491391122341,0.200407132506,1.19408261776,0.477488428354,0.271764099598,-0.0157348066568,-0.835404992104
0.490797847509,0.200735807419,1.19359862804,0.478429496288,0.273050755262,-0.0170473288745,-0.834420800209
0.49043700099,0.200811117887,1.19318783283,0.479324221611,0.267869949341,-0.0158684290946,-0.835608959198
0.490245014429,0.200929820538,1.19284212589,0.479235768318,0.268414467573,-0.0136160124093,-0.83552467823
0.490084409714,0.200926154852,1.19245004654,0.480816692114,0.272355794907,-0.00955929979682,-0.833394467831
0.490041583776,0.201111227274,1.19209575653,0.480869323015,0.27268370986,-0.00688779959455,-0.833283185959
0.490090727806,0.201477751136,1.19171607494,0.480707138777,0.273555070162,-0.00421491218731,-0.833108961582
0.490053206682,0.201690331101,1.19131278992,0.483878076077,0.273604422808,-0.000602174899541,-0.831265509129
0.490113765001,0.201883152127,1.19082379341,0.483593195677,0.27473205328,0.00267537869513,-0.831055223942
0.489980876446,0.202185884118,1.19034278393,0.485497742891,0.275920510292,0.00564384460449,-0.829534888268
0.48983758688,0.202253237367,1.1898971796,0.486397564411,0.276367127895,0.00938463583589,-0.828824877739
0.490229874849,0.202141165733,1.18972229958,0.486819088459,0.278040826321,0.0134894885123,-0.827960431576
0.489886581898,0.20258910954,1.18918418884,0.489774525166,0.277828067541,0.016656043008,-0.826229453087
0.489945590496,0.202766984701,1.18870222569,0.492492675781,0.278720796108,0.0206534676254,-0.824220359325
0.490129619837,0.203162282705,1.18817746639,0.503518939018,0.276042640209,0.0257555432618,-0.818294465542
0.489860236645,0.203805208206,1.18707311153,0.50463539362,0.276178628206,0.0236914344132,-0.817622959614
0.490479826927,0.203954920173,1.18720531464,0.505834817886,0.276507586241,0.0276646092534,-0.816645145416
0.4900791049,0.204383850098,1.18634033203,0.505684375763,0.276984065771,0.0279867239296,-0.816565930843
0.490463644266,0.20445394516,1.18641030788,0.504510879517,0.277199149132,0.030394660309,-0.817132532597
0.490645200014,0.204779133201,1.18607234955,0.505012989044,0.277179926634,0.032278764993,-0.816756606102
0.490888655186,0.205280810595,1.18564164639,0.506017148495,0.277486562729,0.0338965766132,-0.815965056419
0.491125196218,0.205757990479,1.18526530266,0.506063759327,0.278370082378,0.0359266661108,-0.815548300743
0.491454094648,0.206125587225,1.18502438068,0.505818545818,0.279485881329,0.0380999706686,-0.81521999836
0.491778880358,0.206337630749,1.18446731567,0.505774319172,0.280254751444,0.040056578815,-0.814889669418
0.492068648338,0.20687648654,1.18395459652,0.505406022072,0.281437933445,0.0415240190923,-0.81463688612
0.492601454258,0.207579746842,1.18320643902,0.505299687386,0.282293915749,0.0422120839357,-0.814371287823
0.492935359478,0.208232209086,1.18263590336,0.506963968277,0.283276379108,0.0437456481159,-0.812913477421
0.493230491877,0.209048479795,1.18219006062,0.50584936142,0.285683184862,0.0434537641704,-0.812781333923
0.493990212679,0.209671363235,1.18112540245,0.507233917713,0.28671079874,0.0430608615279,-0.811576604843
0.494477421045,0.210220813751,1.18047654629,0.508296608925,0.288568258286,0.0453157238662,-0.810129284859
0.494923353195,0.210768654943,1.17972326279,0.508026540279,0.291020512581,0.0430855900049,-0.809542834759
0.495693773031,0.211406350136,1.1787532568,0.508570492268,0.29246237874,0.044400639832,-0.808610141277
0.496249318123,0.211860269308,1.1780538559,0.502144157887,0.297039955854,0.0432970486581,-0.811014175415
0.496948540211,0.2124414891,1.17699623108,0.511234402657,0.298955798149,0.0422052778304,-0.804663598537
0.497583419085,0.21278232336,1.1761392355,0.512610673904,0.298448711634,0.0437950491905,-0.803890943527
0.498347848654,0.213155269623,1.17519283295,0.512368559837,0.299883037806,0.0414066910744,-0.803638041019
0.499103665352,0.213464647532,1.17417025566,0.506438016891,0.303013533354,0.0417502447963,-0.806201219559
0.499790251255,0.213682800531,1.17326557636,0.508639991283,0.304295539856,0.042299836874,-0.804301202297
0.500513970852,0.21404248476,1.17224156857,0.510257899761,0.3045989573,0.0415149703622,-0.80320161581
0.501214444637,0.21429425478,1.17127668858,0.512666940689,0.306722193956,0.0417055524886,-0.800846278667
0.502412676811,0.214015260339,1.17065572739,0.512093424797,0.307830244303,0.0415050387383,-0.800798535347
0.502792537212,0.214816346765,1.16925835609,0.515214383602,0.309261709452,0.0404248386621,-0.798296511173
0.503538012505,0.215097337961,1.16820776463,0.517019927502,0.311770737171,0.0397799611092,-0.796182751656
0.504513859749,0.215582787991,1.16707849503,0.527372896671,0.31008836627,0.0375332012773,-0.790135681629
0.505579888821,0.215335175395,1.16619503498,0.521775186062,0.31250628829,0.0386030375957,-0.792843222618
0.506605923176,0.215673774481,1.16507196426,0.523550033569,0.312909424305,0.0396629720926,-0.791460633278
0.506276190281,0.215794533491,1.16527616978,0.532726466656,0.315303385258,0.0367901884019,-0.784495353699
0.506962478161,0.216491788626,1.16394364834,0.535328626633,0.317001134157,0.0359676331282,-0.782074093819
0.508283495903,0.216409176588,1.16309440136,0.527887225151,0.318185776472,0.0394448153675,-0.786471247673
0.509380042553,0.216963738203,1.16197252274,0.538260877132,0.317935377359,0.0353088416159,-0.779708683491
0.510482311249,0.217492431402,1.16087567806,0.540512442589,0.318628489971,0.0344463586807,-0.777904689312
0.511361896992,0.217982962728,1.16002321243,0.542661368847,0.319671362638,0.0337829403579,-0.776007473469
0.512505292892,0.218336164951,1.15889716148,0.532415866852,0.321118026972,0.0339301154017,-0.782473862171
0.513651907444,0.218954592943,1.15779221058,0.54614675045,0.321214526892,0.0370629578829,-0.772768616676
0.515063941479,0.219721436501,1.15669906139,0.546544134617,0.321732640266,0.0348460972309,-0.772375226021
0.516105353832,0.22057813406,1.15549683571,0.550378739834,0.323004871607,0.0379586443305,-0.768967032433
0.517297923565,0.220929771662,1.15437352657,0.55055731535,0.323064267635,0.0371641851962,-0.768853068352
0.518523216248,0.221426650882,1.15319120884,0.552227556705,0.323030531406,0.0372553132474,-0.767664134502
0.519751966,0.221892297268,1.15198731422,0.554047524929,0.323283612728,0.0376015007496,-0.766227900982
0.521024107933,0.222349330783,1.15078258514,0.55473446846,0.32294434309,0.0354931391776,-0.765974521637
0.522281825542,0.22283886373,1.14956712723,0.558068692684,0.323652714491,0.039044495672,-0.763075232506
0.523597359657,0.223433941603,1.14835524559,0.557966589928,0.323777019978,0.0337089858949,-0.76335144043
0.524931907654,0.224011555314,1.14708065987,0.559780299664,0.323977380991,0.0338848717511,-0.761929392815
0.526438832283,0.224850490689,1.14576482773,0.562929093838,0.324075996876,0.0382988676429,-0.759354174137
0.527860164642,0.225494325161,1.14458727837,0.564601182938,0.323644846678,0.0369777530432,-0.758361458778
0.529003024101,0.226437360048,1.14320397377,0.566596448421,0.323419392109,0.0352500267327,-0.757050693035
0.530672311783,0.227649211884,1.14198446274,0.570259928703,0.322981745005,0.0349450074136,-0.754496693611
0.53243124485,0.228127241135,1.14101850986,0.570485234261,0.322826892138,0.0325646139681,-0.754499137402
0.534024596214,0.228872507811,1.13976383209,0.572299599648,0.322503298521,0.0372338443995,-0.753046095371
0.535309612751,0.230004429817,1.13847875595,0.575531959534,0.322473526001,0.0371129252017,-0.75059735775
0.536833167076,0.230922371149,1.13735032082,0.576361298561,0.321696281433,0.0321028195322,-0.750525534153
0.538760781288,0.231727480888,1.13655877113,0.57820212841,0.321073830128,0.0326939001679,-0.749349653721
0.540469050407,0.232780173421,1.13542127609,0.578829526901,0.320381581783,0.0325378067791,-0.749168336391
0.542265057564,0.233774021268,1.13447058201,0.58008903265,0.320072948933,0.0385484471917,-0.74804019928
0.543982446194,0.234864532948,1.13337528706,0.581678926945,0.319823861122,0.0390025265515,-0.746887564659
0.545572340488,0.236520245671,1.13217198849,0.584899783134,0.320173114538,0.0382179766893,-0.744258463383
0.547628939152,0.237336874008,1.13131523132,0.583897769451,0.319305330515,0.0340603217483,-0.745618879795
0.549238324165,0.23889502883,1.13004088402,0.586584091187,0.319149106741,0.0361065156758,-0.743477940559
0.551272988319,0.240394920111,1.12911653519,0.587701797485,0.319174140692,0.0365996360779,-0.742559731007
0.55344080925,0.241990089417,1.12794947624,0.588112235069,0.319393217564,0.036341521889,-0.74215310812
0.555672883987,0.243507474661,1.12693023682,0.590353727341,0.318817734718,0.0414121598005,-0.740353167057
0.557882964611,0.244944095612,1.12592959404,0.591319084167,0.318838119507,0.042599555105,-0.73950612545
0.560142397881,0.246673122048,1.12501049042,0.593310654163,0.317344725132,0.0438048318028,-0.738482177258
0.562514901161,0.248374521732,1.12401628494,0.593268752098,0.317162930965,0.0424617119133,-0.738672316074
0.564961791039,0.250268042088,1.1231648922,0.596132099628,0.317877441645,0.044683996588,-0.735923945904
0.567338347435,0.251685470343,1.12218177319,0.595759689808,0.31593221426,0.0447759255767,-0.737056612968
0.569813132286,0.253669381142,1.12132644653,0.598194718361,0.316706776619,0.0518402718008,-0.73428362608
0.572078466415,0.256038606167,1.11947536469,0.600441336632,0.31598752737,0.0464696809649,-0.733118414879
0.576396226883,0.257100880146,1.11806666851,0.603267431259,0.311673521996,0.0542896613479,-0.732107043266
0.578082680702,0.259394913912,1.11818981171,0.614190101624,0.314151614904,0.056010812521,-0.721763372421
0.580864667892,0.261314213276,1.11731362343,0.614535927773,0.312800854445,0.0548244081438,-0.722146451473
0.584993779659,0.262546718121,1.11541593075,0.617042899132,0.30901363492,0.0549254156649,-0.721631526947
0.586943328381,0.264460235834,1.11612176895,0.621579289436,0.310839176178,0.0590216480196,-0.716613352299
0.59140765667,0.265861183405,1.11412715912,0.625530064106,0.306542992592,0.0631958320737,-0.714667737484
0.594559252262,0.267495691776,1.11335861683,0.626596689224,0.306019097567,0.0684184208512,-0.713475883007
0.595721900463,0.268869400024,1.11324596405,0.610921144485,0.308162122965,0.0748359411955,-0.725404143333
0.60101467371,0.271428048611,1.11142468452,0.631760835648,0.304413676262,0.0695653855801,-0.709486603737
0.602356553078,0.272209823132,1.1116245985,0.615158557892,0.306679874659,0.0801336541772,-0.721876859665
0.607336819172,0.274470806122,1.10978925228,0.619627356529,0.303366333246,0.0813989639282,-0.719308674335
0.610753655434,0.276274770498,1.10891640186,0.621648311615,0.302794098854,0.0827925130725,-0.717645227909
0.612531781197,0.277690082788,1.10877454281,0.622659444809,0.304273307323,0.0878843143582,-0.715534389019
0.617934286594,0.279764890671,1.1070946455,0.626501083374,0.300528973341,0.09114164114,-0.713352560997
0.6206792593,0.280953109264,1.10668003559,0.627879083157,0.300719171762,0.0994252115488,-0.710950434208
0.623242378235,0.282642960548,1.10637402534,0.628275334835,0.301874786615,0.098649263382,-0.710218369961
0.627089083195,0.284034848213,1.10556364059,0.629825770855,0.300674557686,0.102704562247,-0.708777844906
0.632390856743,0.285977989435,1.10389840603,0.633914768696,0.297015070915,0.109975166619,-0.705577552319
0.635942339897,0.287743389606,1.10323023796,0.633004367352,0.291159629822,0.108903594315,-0.708993375301
0.639895558357,0.289227545261,1.10247004032,0.636242568493,0.289377570152,0.112371683121,-0.706278026104
0.642715215683,0.290311276913,1.10224997997,0.638146877289,0.289355069399,0.11785581708,-0.703670501709
0.647509217262,0.291663825512,1.10114860535,0.641638159752,0.285879641771,0.126938357949,-0.700328409672
0.650255024433,0.292731106281,1.10083258152,0.641610205173,0.286636263132,0.132655739784,-0.698983848095
0.655722081661,0.294103652239,1.09944331646,0.643449783325,0.283093363047,0.136786982417,-0.697939753532
0.658054947853,0.294478833675,1.09891152382,0.647282361984,0.289820730686,0.1420879215,-0.690536439419
0.661695897579,0.295490860939,1.0983877182,0.647436439991,0.289469659328,0.14823576808,-0.689245641232
0.665704250336,0.296803772449,1.09764349461,0.651350498199,0.291112154722,0.150748997927,-0.684303402901
0.669006884098,0.297659367323,1.09710609913,0.652612566948,0.290832340717,0.154938772321,-0.682281017303
0.67287582159,0.298785090446,1.0960777998,0.653882801533,0.29054197669,0.15762142837,-0.680572092533
0.676446795464,0.299640625715,1.09572219849,0.655149042606,0.290358394384,0.16185964644,-0.678434312344
0.682428598404,0.298255771399,1.09284305573,0.0486598722637,0.351620972157,-0.0582964830101,-0.933057665825
0.679915070534,0.298075318336,1.09369897842,0.0497657619417,0.344336539507,-0.0568141750991,-0.935803413391
0.687727093697,0.302723050117,1.09364891052,0.659852325916,0.284901916981,0.175036653876,-0.672895371914
0.691937685013,0.303743481636,1.09307348728,0.662478029728,0.284138172865,0.179535105824,-0.669444084167
0.69460529089,0.304452598095,1.09269690514,0.663118958473,0.284739255905,0.184958770871,-0.667073607445
0.698814511299,0.305530458689,1.09176325798,-0.665095448494,-0.283272624016,-0.188424244523,0.66475635767
0.702115595341,0.306171089411,1.09169590473,-0.666225969791,-0.283607780933,-0.194398626685,0.66175454855
0.70537519455,0.3069704175,1.09103083611,-0.666656136513,-0.28298085928,-0.198943153024,0.660237252712
0.708955228329,0.307938873768,1.09061872959,-0.668645977974,-0.282094597816,-0.203806892037,0.657113313675
0.712046086788,0.308577775955,1.0901350975,-0.668809592724,-0.281680524349,-0.209334865212,0.655384480953
0.714895606041,0.309028744698,1.08942055702,-0.670440733433,-0.281696736813,-0.215538144112,0.651689827442
0.716456830502,0.309826403856,1.08934259415,-0.696439981461,-0.275775074959,-0.217421919107,0.625817418098
0.721085965633,0.310397654772,1.08859598637,-0.669454693794,-0.279595702887,-0.226170375943,0.650002777576
0.723892569542,0.310896813869,1.08821737766,-0.670350670815,-0.279210537672,-0.23206487298,0.647161185741
0.726617217064,0.311246961355,1.08769226074,-0.671479940414,-0.278658360243,-0.237687572837,0.644180893898
0.72858530283,0.311720073223,1.08745741844,-0.691337347031,-0.27309769392,-0.240233823657,0.624306023121
0.731532275677,0.312260091305,1.08680343628,-0.686544060707,-0.272442102432,-0.244837298989,0.628082275391
0.734322965145,0.312852799892,1.08622288704,-0.682983458042,-0.270986229181,-0.251001298428,0.630157351494
0.736960887909,0.313240587711,1.08570313454,-0.677821218967,-0.270377755165,-0.256565541029,0.633741915226
0.739596068859,0.313539147377,1.08514249325,-0.670590937138,-0.269977033138,-0.261720985174,0.639470398426
0.742086231709,0.313825309277,1.08467411995,-0.664787232876,-0.269166111946,-0.267590612173,0.64343059063
0.744374930859,0.314017593861,1.08388972282,-0.656933784485,-0.268497943878,-0.272712856531,0.649595737457
0.746775209904,0.313950717449,1.08325362206,0.649906277657,0.267044275999,0.278161257505,-0.654931783676
0.748976230621,0.314147442579,1.08251988888,0.638159871101,0.268086224794,0.281288206577,-0.664649486542
0.750651359558,0.314603805542,1.08212518692,0.63540583849,0.266622632742,0.287492334843,-0.665221869946
0.752814471722,0.314995646477,1.08178830147,0.626033842564,0.266385942698,0.292414844036,-0.672022104263
0.753472507,0.314789950848,1.08093559742,0.599890351295,0.271162569523,0.309940129519,-0.685958981514
0.755979299545,0.315460085869,1.08049738407,0.61579221487,0.267486721277,0.301047980785,-0.677215635777
0.757771790028,0.315665483475,1.08008551598,0.611081302166,0.267802834511,0.303146600723,-0.680414140224
0.759217619896,0.315853059292,1.07948422432,0.604284524918,0.26724037528,0.306661903858,-0.68511402607
0.760503053665,0.316279947758,1.07920348644,0.596728265285,0.266994774342,0.310338050127,-0.690159082413
0.761843562126,0.316418945789,1.07857191563,0.587186276913,0.266558080912,0.312741488218,-0.697389304638
0.763288021088,0.316481858492,1.07792067528,0.57556450367,0.265932232141,0.313497036695,-0.706912398338
0.764782488346,0.316910415888,1.07745146751,0.567431211472,0.265428215265,0.314580440521,-0.713168263435
0.762975275517,0.317046880722,1.07679080963,-0.67418718338,-0.274307101965,-0.324432611465,0.604128241539
0.763824105263,0.317175716162,1.07623028755,-0.674241423607,-0.275516271591,-0.326453447342,0.602426409721
0.764795064926,0.317432701588,1.07561099529,-0.674753785133,-0.275530129671,-0.329227656126,0.600332796574
0.76566028595,0.317501842976,1.07509171963,-0.675354599953,-0.274903029203,-0.332084774971,0.598368048668
0.767628967762,0.317733764648,1.07457518578,-0.676480472088,-0.27310359478,-0.334163755178,0.596760690212
0.766987681389,0.317727148533,1.07403302193,-0.67636436224,-0.272991269827,-0.338685959578,0.594389379025
0.767671525478,0.317545175552,1.07323050499,-0.676244616508,-0.271967798471,-0.34193277359,0.593134701252
0.769277691841,0.318103075027,1.07266068459,-0.676377356052,-0.271470934153,-0.342566460371,0.592845380306
0.768165767193,0.318047583103,1.07227504253,-0.675575911999,-0.271321207285,-0.348598182201,0.590306222439
0.768768668175,0.318109065294,1.07154941559,-0.675136804581,-0.27166607976,-0.349992334843,0.589824616909
0.768690049648,0.318517327309,1.07118356228,-0.674884080887,-0.272472172976,-0.353596150875,0.587588489056
0.76910161972,0.31850039959,1.07046067715,-0.675523221493,-0.270578563213,-0.354745686054,0.587036073208
0.769123733044,0.319063603878,1.07013261318,-0.675071835518,-0.272292762995,-0.356479376554,0.585710763931
0.769317746162,0.31944206357,1.06953120232,-0.674405753613,-0.273401975632,-0.357560962439,0.585302114487
0.769612550735,0.319417595863,1.06903266907,-0.674790501595,-0.271773457527,-0.359660714865,0.584329783916
0.769948780537,0.32007843256,1.0685968399,-0.67371571064,-0.272117346525,-0.359904676676,0.585258960724
0.770295441151,0.319929659367,1.06789040565,-0.673682391644,-0.270979136229,-0.361403942108,0.584901452065
0.770320117474,0.320110976696,1.06757700443,-0.672379732132,-0.272002637386,-0.363140404224,0.584849655628
0.770310282707,0.320811420679,1.0672044754,-0.671449542046,-0.271597981453,-0.36455103755,0.585228741169
0.770189464092,0.321141988039,1.06697368622,-0.67136490345,-0.271912693977,-0.365744024515,0.58443492651
0.770076870918,0.320961415768,1.06644558907,-0.670755684376,-0.272896558046,-0.366478592157,0.584215521812
0.77013105154,0.321344554424,1.06610441208,-0.670308828354,-0.27430832386,-0.366641074419,0.583965301514
0.771260380745,0.322338789701,1.06613707542,-0.671609938145,-0.274624466896,-0.365415155888,0.583089530468
0.769944429398,0.322653234005,1.06562662125,-0.66979521513,-0.275820791721,-0.366786181927,0.583751022816
0.769678294659,0.322908788919,1.06544327736,-0.668975234032,-0.277368575335,-0.366974025965,0.583839833736
0.769672393799,0.323265105486,1.06520116329,-0.668408989906,-0.278189152479,-0.366995185614,0.584084630013
0.769747495651,0.323706865311,1.06495952606,-0.667731821537,-0.279996454716,-0.366464614868,0.584328591824
0.7698777318,0.323939681053,1.06480312347,-0.668091952801,-0.279232025146,-0.366310030222,0.584379851818
0.769993007183,0.324335426092,1.06453418732,-0.666959524155,-0.279802590609,-0.365492641926,0.585910141468
0.769337177277,0.323801755905,1.06387352943,-0.666002571583,-0.279521435499,-0.36651596427,0.586493432522
0.769973039627,0.325772166252,1.06443214417,-0.666755318642,-0.282782763243,-0.36381226778,0.585757613182
0.771382749081,0.326439142227,1.06418085098,-0.667701303959,-0.282884776592,-0.361568123102,0.586020350456
0.771424233913,0.32696467638,1.06406331062,-0.667779445648,-0.283872932196,-0.361086428165,0.58575040102
0.770060002804,0.326822459698,1.06368541718,-0.665928483009,-0.285166144371,-0.36282145977,0.586157143116
0.769873797894,0.327671736479,1.06380438805,-0.665528178215,-0.287480980158,-0.36259791255,0.585619091988
0.769979715347,0.327924966812,1.0633174181,-0.666363477707,-0.286435306072,-0.36262139678,0.585166931152
0.7696377635,0.328380942345,1.06328940392,-0.665240764618,-0.287562102079,-0.362741053104,0.585817158222
0.769608199596,0.328803449869,1.06294322014,-0.664885163307,-0.28770428896,-0.362575948238,0.586253166199
0.769306898117,0.329088777304,1.06277775764,-0.664403259754,-0.288747906685,-0.36296710372,0.586044251919
0.769094467163,0.329035967588,1.06224584579,-0.663385272026,-0.289046466351,-0.363994330168,0.586413145065
0.767984569073,0.328152984381,1.0614887476,-0.662417888641,-0.28768864274,-0.366312414408,0.586730837822
0.767769634724,0.328402072191,1.06117653847,-0.66185683012,-0.288374602795,-0.366187393665,0.587105214596
0.769513905048,0.330433756113,1.06174719334,-0.664363801479,-0.289952337742,-0.362006425858,0.586088597775
0.768077850342,0.330297887325,1.06136083603,-0.662331163883,-0.291491627693,-0.363727390766,0.58656001091
0.767781555653,0.330404549837,1.06108117104,-0.66162610054,-0.291894137859,-0.363659441471,0.587197184563
0.767337977886,0.330616861582,1.06065118313,-0.661445200443,-0.291787803173,-0.36398100853,0.587254703045
0.767067372799,0.330805152655,1.06039810181,-0.661084532738,-0.292026013136,-0.363878071308,0.587606072426
0.766681730747,0.331077039242,1.06020784378,-0.661474227905,-0.292562991381,-0.363549113274,0.587103843689
0.766310632229,0.331514835358,1.0600206852,-0.661138296127,-0.293970018625,-0.363495051861,0.586812794209
0.765624165535,0.331587553024,1.05966567993,-0.66100358963,-0.295067697763,-0.364022165537,0.586086392403
0.76523065567,0.331803143024,1.05926418304,-0.661732494831,-0.294728726149,-0.363941907883,0.585484027863
0.764708817005,0.33178627491,1.05912435055,-0.660857200623,-0.296052902937,-0.364081859589,0.585717439651
0.762161612511,0.330933272839,1.05844426155,-0.658697068691,-0.296561419964,-0.367309331894,0.585878372192
0.763656079769,0.332031399012,1.05846261978,-0.661133110523,-0.296167880297,-0.364370584488,0.585168123245
0.76325148344,0.332353800535,1.05802440643,-0.661490797997,-0.297104477882,-0.363304078579,0.584952294827
0.762525141239,0.332263857126,1.05760812759,-0.660400211811,-0.298204898834,-0.363908678293,0.58524864912
0.76322555542,0.332758158445,1.05746173859,-0.660960972309,-0.299109518528,-0.362031549215,0.585318148136
0.76115244627,0.331994116306,1.05694270134,-0.659841895103,-0.299089580774,-0.364768177271,0.584891796112
0.760656058788,0.332036733627,1.05643236637,-0.659737288952,-0.299429178238,-0.36473351717,0.584857523441
0.760184586048,0.332147777081,1.0559232235,-0.660223543644,-0.299262791872,-0.365468621254,0.583934485912
0.757659494877,0.331001579762,1.05556368828,-0.657494604588,-0.300103694201,-0.369166970253,0.58425539732
0.757739901543,0.331321805716,1.05522012711,-0.655898153782,-0.295821398497,-0.367085307837,0.5895216465
0.758308827877,0.331186264753,1.05471467972,-0.656555771828,-0.295171141624,-0.366028100252,0.589772760868
0.757584393024,0.331076651812,1.05434060097,-0.65656286478,-0.294744044542,-0.366474062204,0.589701533318
0.759121119976,0.332885801792,1.05457043648,-0.658380746841,-0.296475321054,-0.362150400877,0.589478135109
0.758368968964,0.332837820053,1.05424213409,-0.658487081528,-0.296599537134,-0.362600386143,0.589019954205
0.757872343063,0.333017408848,1.05384421349,-0.658923089504,-0.296530991793,-0.362309604883,0.588745713234
0.756135761738,0.332716852427,1.05350089073,-0.657619774342,-0.297655880451,-0.363960802555,0.588616967201
0.755654752254,0.332772016525,1.05318439007,-0.657605409622,-0.297639369965,-0.364235848188,0.58847117424
0.754880011082,0.332595646381,1.05295562744,-0.657077908516,-0.29833766818,-0.364185959101,0.588737666607
0.75445318222,0.332783043385,1.05252766609,-0.657294869423,-0.298323065042,-0.364006459713,0.588614046574
0.753084540367,0.331648647785,1.05184149742,-0.65586411953,-0.297418534756,-0.366083115339,0.589379012585
0.752526462078,0.331486284733,1.05158531666,-0.655577301979,-0.297404676676,-0.366411089897,0.589501261711
0.751997768879,0.331583738327,1.05137979984,-0.6554428339,-0.297674238682,-0.366424143314,0.589506745338
0.751497805119,0.331588327885,1.05119168758,-0.655196964741,-0.297778248787,-0.366719990969,0.5895434618
0.751679480076,0.333123207092,1.05144429207,-0.656273841858,-0.299637317657,-0.36441513896,0.588832497597
0.751493096352,0.333080381155,1.0509223938,-0.656820833683,-0.298943698406,-0.364213079214,0.588700294495
0.751148164272,0.333132445812,1.05068790913,-0.656772434711,-0.299148768187,-0.364195525646,0.588661015034
0.749277174473,0.331560492516,1.05015528202,-0.656094551086,-0.303367167711,-0.368583410978,0.584512352943
0.748933911324,0.331643342972,1.04990017414,-0.656657934189,-0.30287322402,-0.368126749992,0.584423661232
0.749172687531,0.332053124905,1.04979228973,-0.654183804989,-0.299320310354,-0.366502046585,0.590023040771
0.748813509941,0.332217484713,1.04961764812,-0.654592216015,-0.29883223772,-0.366641491652,0.589730739594
0.74833381176,0.332345664501,1.04948103428,-0.654351949692,-0.299033075571,-0.367464631796,0.589383244514
0.747962236404,0.332651793957,1.04935312271,-0.654275536537,-0.299742758274,-0.367468088865,0.589105367661
0.748389482498,0.334135472775,1.04954195023,-0.655049741268,-0.302510231733,-0.364706248045,0.588546395302
0.748093903065,0.334337562323,1.04942321777,-0.654515147209,-0.304102748632,-0.364561527967,0.58840996027
0.747601985931,0.334388226271,1.04926276207,-0.654439270496,-0.303875595331,-0.365242958069,0.588189125061
0.745448172092,0.333590507507,1.04898035526,-0.652648746967,-0.304040014744,-0.368696272373,0.587939202785
0.745164573193,0.333660781384,1.04890465736,-0.652097523212,-0.304177999496,-0.369226932526,0.588146328926
0.746000230312,0.33356398344,1.04865574837,-0.652293622494,-0.302348852158,-0.368574798107,0.589280068874
0.746546924114,0.335169166327,1.04886972904,-0.653772830963,-0.303682148457,-0.366828501225,0.588043510914
0.746360599995,0.335304379463,1.04873454571,-0.653476476669,-0.303656548262,-0.36732673645,0.588074982166
0.746212184429,0.335442274809,1.04857933521,-0.652934491634,-0.303989112377,-0.367512613535,0.588388979435
0.745141804218,0.334248781204,1.04806351662,-0.651315152645,-0.303004473448,-0.370086014271,0.589078307152
0.745000422001,0.334301352501,1.04807519913,-0.651026546955,-0.303165376186,-0.370604723692,0.588988542557
0.744903326035,0.33443453908,1.04796397686,-0.650902450085,-0.303577721119,-0.370385199785,0.589051306248
0.744841516018,0.334546506405,1.04784691334,-0.650736033916,-0.303690254688,-0.370439827442,0.589142799377
0.744837522507,0.334704369307,1.04770088196,-0.649724245071,-0.305673778057,-0.37006855011,0.58946698904
0.744759976864,0.334804773331,1.04759728909,-0.649450063705,-0.30572488904,-0.370284110308,0.589607298374
0.744696676731,0.335012942553,1.04749906063,-0.648970901966,-0.305448353291,-0.370734244585,0.589995145798
0.743607282639,0.335421591997,1.04774141312,-0.648062884808,-0.307864576578,-0.371427506208,0.5893009305
0.743350327015,0.335588097572,1.0477013588,-0.648294210434,-0.306031316519,-0.372646152973,0.589232087135
0.74323028326,0.335740804672,1.04762804508,-0.648099541664,-0.30617326498,-0.372868180275,0.589231908321
0.743122637272,0.3358502388,1.04757595062,-0.647843718529,-0.306332468987,-0.373268544674,0.589177131653
0.743036329746,0.336005061865,1.04751634598,-0.647889137268,-0.306509703398,-0.373520255089,0.588875412941
0.742886543274,0.336064130068,1.04749393463,-0.647478878498,-0.306544482708,-0.374152839184,0.588906824589
0.742771446705,0.336244672537,1.04733228683,-0.647338032722,-0.306543588638,-0.374367743731,0.588925659657
0.74260699749,0.336292117834,1.04733121395,-0.646635651588,-0.306789755821,-0.374787509441,0.589301943779
0.742325782776,0.336118459702,1.04753637314,-0.645142912865,-0.305856198072,-0.379860043526,0.588174462318
0.742174386978,0.336169481277,1.04752242565,-0.644700527191,-0.306663453579,-0.377349555492,0.589852690697
0.741929531097,0.336231261492,1.04757785797,-0.644079983234,-0.307851493359,-0.37763684988,0.589728057384
0.741540312767,0.336404114962,1.04765796661,-0.643820464611,-0.308399617672,-0.378537535667,0.589147090912
0.741249382496,0.336441367865,1.0478758812,-0.643584787846,-0.308245778084,-0.380072385073,0.588496387005
0.740969121456,0.336542725563,1.04790830612,-0.642744541168,-0.309502094984,-0.38081035018,0.588278412819
0.740610361099,0.336691200733,1.04800999165,-0.642892479897,-0.309622317553,-0.381721138954,0.587462842464
0.740381836891,0.336780488491,1.04809856415,-0.642850697041,-0.309922993183,-0.382654488087,0.586741983891
0.740217745304,0.336911797523,1.04819059372,-0.641881465912,-0.312630325556,-0.382993876934,0.586145222187
0.740867972374,0.336631864309,1.04804050922,-0.642827868462,-0.308743715286,-0.384641140699,0.586089491844
0.740679144859,0.336673974991,1.0481967926,-0.642501711845,-0.309425264597,-0.385578930378,0.585471153259
0.740444779396,0.336763739586,1.04827189445,-0.641635298729,-0.31104388833,-0.386092633009,0.585225105286
0.740176916122,0.336898803711,1.04841935635,-0.641308367252,-0.311753720045,-0.387253642082,0.584437966347
0.739880800247,0.336950182915,1.04855000973,-0.641152203083,-0.31180036068,-0.389031767845,0.583402633667
0.73966884613,0.337024837732,1.04869413376,-0.639800429344,-0.314795225859,-0.389486640692,0.582974910736
0.739216327667,0.336961984634,1.04882121086,-0.640279173851,-0.31308093667,-0.391699463129,0.581888794899
0.738952815533,0.33697026968,1.04896628857,-0.639291465282,-0.314819693565,-0.39241823554,0.58155220747
0.737644731998,0.337244898081,1.04936826229,-0.637245953083,-0.319044500589,-0.394188582897,0.580296278
0.737143814564,0.337287157774,1.04954528809,-0.637635707855,-0.31780102849,-0.396783858538,0.578779697418
0.736644506454,0.337275028229,1.04986739159,-0.637405216694,-0.319512486458,-0.398381948471,0.576990604401
0.736170291901,0.33704277873,1.04985523224,-0.635852754116,-0.320970386267,-0.399638950825,0.577025353909
0.735720157623,0.337043941021,1.04992508888,-0.636070549488,-0.32154160738,-0.401483356953,0.575183808804
0.735377252102,0.336967587471,1.04999625683,-0.634470760822,-0.325176924467,-0.402346342802,0.574303209782
0.735017538071,0.336804330349,1.05003619194,-0.63423871994,-0.324129551649,-0.404944241047,0.573324918747
0.734667241573,0.336663335562,1.05006182194,-0.632888436317,-0.3264965415,-0.406041145325,0.572697877884
0.734704375267,0.336344510317,1.04997718334,-0.633557736874,-0.324260175228,-0.407855063677,0.571939051151
0.733675837517,0.336347818375,1.05017089844,-0.631395101547,-0.326908439398,-0.410795807838,0.570717036724
0.733219861984,0.336136221886,1.0502974987,-0.631232917309,-0.326926112175,-0.412262916565,0.569827973843
0.732795357704,0.335933953524,1.05031061172,-0.629641890526,-0.329987853765,-0.413025408983,0.569270730019
0.732197523117,0.33562630415,1.05031228065,-0.629285812378,-0.328359156847,-0.41586047411,0.568541824818
0.731581807137,0.335346251726,1.05018949509,-0.627433598042,-0.328976660967,-0.420707732439,0.566662490368
0.731738984585,0.335106432438,1.05014109612,-0.627673506737,-0.329071342945,-0.418486714363,0.567984998226
0.731288731098,0.335015147924,1.05016803741,-0.626720666885,-0.33015114069,-0.419536709785,0.567635834217
0.73087066412,0.334901839495,1.05022859573,-0.625997304916,-0.330694645643,-0.420686930418,0.567266225815
0.730503559113,0.334788501263,1.05036222935,-0.625433385372,-0.331121057272,-0.42183187604,0.566789150238
0.730115056038,0.334663152695,1.05050587654,-0.62534058094,-0.330806434155,-0.422854423523,0.56631308794
0.729739308357,0.334591209888,1.05060863495,-0.624287128448,-0.331972211599,-0.423442482948,0.566353797913
0.729380428791,0.334560155869,1.05062329769,-0.623652517796,-0.332696348429,-0.424046635628,0.566175937653
0.729006588459,0.334585547447,1.05081605911,-0.622777163982,-0.334798067808,-0.424147516489,0.565824747086
0.728522002697,0.334386140108,1.05085611343,-0.621742725372,-0.334521502256,-0.426034122705,0.565708756447
0.728548705578,0.334180176258,1.05080974102,-0.621328294277,-0.333825498819,-0.427037894726,0.565818369389
0.728169798851,0.334180891514,1.05084371567,-0.620549380779,-0.334045022726,-0.427727043629,0.566022992134
0.727922558784,0.334215372801,1.05093371868,-0.620733439922,-0.332752794027,-0.428005754948,0.566371500492
0.727625608444,0.33422639966,1.05104112625,-0.618944823742,-0.333771169186,-0.431834489107,0.5648214221
0.727013587952,0.334347099066,1.05133843422,-0.618698298931,-0.334296673536,-0.430115252733,0.566091120243
0.727068722248,0.334292173386,1.05134010315,-0.618451356888,-0.334551095963,-0.430018544197,0.566284060478
0.726800858974,0.334347099066,1.05146467686,-0.617451429367,-0.336027085781,-0.430412173271,0.566202104092
0.726601183414,0.334377855062,1.05162894726,-0.617176353931,-0.334960252047,-0.431647837162,0.566193640232
0.726342320442,0.334427773952,1.05171692371,-0.61666983366,-0.335050582886,-0.432674229145,0.565908491611
0.72612965107,0.334469348192,1.05172610283,-0.615908026695,-0.334680706263,-0.434157758951,0.56582069397
0.725855946541,0.334496051073,1.05183649063,-0.615285456181,-0.334018647671,-0.435142755508,0.566132724285
0.725299179554,0.334686815739,1.05204677582,-0.614166975021,-0.335706591606,-0.435804128647,0.565840005875
0.725418031216,0.334608316422,1.05199670792,-0.613365411758,-0.337047874928,-0.436301320791,0.565528869629
0.725285053253,0.334655195475,1.05208230019,-0.612961471081,-0.336659967899,-0.43742582202,0.56532907486
0.725210249424,0.334707558155,1.05214309692,-0.612663149834,-0.336369901896,-0.437632769346,0.565665066242
0.725152492523,0.334753632545,1.05219197273,-0.612375915051,-0.336214989424,-0.437690407038,0.566023468971
0.725108802319,0.334865599871,1.05219626427,-0.611825227737,-0.336317926645,-0.437167555094,0.566961050034
0.724716067314,0.335080444813,1.05248618126,-0.610723137856,-0.337101399899,-0.436947345734,0.567852914333
0.725007712841,0.334943860769,1.05241513252,-0.610713422298,-0.335989534855,-0.437245965004,0.56829226017
0.724919855595,0.335028499365,1.05251026154,-0.610031306744,-0.336013048887,-0.437122881413,0.569105148315
0.724824607372,0.33516356349,1.05265974998,-0.610271692276,-0.334290057421,-0.437400639057,0.569648563862
0.724733829498,0.335352897644,1.05294775963,-0.609280109406,-0.334167718887,-0.437678456306,0.57056760788
0.724338293076,0.335626393557,1.05325102806,-0.608444988728,-0.334528267384,-0.438346385956,0.570734620094
0.724225759506,0.3358078897,1.05349814892,-0.607535243034,-0.335042536259,-0.439022004604,0.570882797241
0.724421620369,0.335959017277,1.05366420746,-0.606612741947,-0.335456818342,-0.43962675333,0.571155071259
0.724254786968,0.336262583733,1.05383872986,-0.605183839798,-0.334504961967,-0.443500012159,0.570233941078
0.724179506302,0.336542010307,1.05412793159,-0.604752182961,-0.334710508585,-0.442286550999,0.571512401104
0.724128425121,0.336805403233,1.05434441566,-0.604105770588,-0.333055108786,-0.447177857161,0.569352924824
0.72411864996,0.337245106697,1.05459189415,-0.603610873222,-0.331811368465,-0.446091681719,0.571452021599
0.723747193813,0.337563574314,1.05495524406,-0.601939439774,-0.332218885422,-0.451607018709,0.568639397621
0.723889827728,0.338060170412,1.05513846874,-0.601845145226,-0.330085247755,-0.450968265533,0.570485651493
0.723585367203,0.338671386242,1.05557525158,-0.600190937519,-0.331195771694,-0.452877134085,0.570072352886
0.723500192165,0.33903631568,1.05581831932,-0.599495887756,-0.329359978437,-0.455624967813,0.569677650928
0.723627984524,0.339363783598,1.05600464344,-0.598927795887,-0.327936559916,-0.459234565496,0.568196177483
0.723811626434,0.339745551348,1.05626738071,-0.597888171673,-0.326885163784,-0.461484640837,0.568073809147
0.724015235901,0.340216398239,1.05646348,-0.59747171402,-0.325979590416,-0.464356690645,0.566690206528
0.724075078964,0.340568363667,1.05664169788,-0.595193386078,-0.325838148594,-0.466521173716,0.567391037941
0.724442362785,0.341114193201,1.05679869652,-0.594295024872,-0.324580132961,-0.469502538443,0.566593885422
0.724772334099,0.341593563557,1.05697739124,-0.593597173691,-0.323571503162,-0.472048789263,0.565786004066
0.725184857845,0.342157781124,1.05716633797,-0.592701792717,-0.322436571121,-0.475077539682,0.564836800098
0.727357745171,0.344001144171,1.05760228634,-0.594579577446,-0.321629524231,-0.473694980145,0.564484417439
0.729285120964,0.345269083977,1.05780243874,-0.596069097519,-0.320047974586,-0.474033594131,0.563527464867
0.729647755623,0.345800876617,1.05798447132,-0.595147430897,-0.319056481123,-0.476182818413,0.56325173378
0.730255067348,0.346639931202,1.05827355385,-0.594379663467,-0.319173127413,-0.478307545185,0.562195003033
0.7290558815,0.346529096365,1.05839538574,-0.591550707817,-0.319072365761,-0.481898367405,0.56216943264
0.729391336441,0.347081899643,1.05863022804,-0.590496838093,-0.318040907383,-0.484360545874,0.561745882034
0.72896194458,0.346489787102,1.05837869644,-0.587885200977,-0.31673720479,-0.487886279821,0.562170386314
0.731689155102,0.349078208208,1.05901896954,-0.590456306934,-0.316988706589,-0.484282046556,0.562450528145
0.73207962513,0.349895715714,1.05932712555,-0.589393317699,-0.316705971956,-0.485756635666,0.562453091145
0.728755295277,0.348629355431,1.05913209915,-0.583358645439,-0.317707180977,-0.492529183626,0.562289953232
0.732740283012,0.351456105709,1.05960404873,-0.587367534637,-0.315876036882,-0.490436702967,0.560975670815
0.729486346245,0.350112438202,1.0595164299,-0.581517219543,-0.315923154354,-0.496841549873,0.561407864094
0.733157515526,0.352852404118,1.0599604845,-0.585560262203,-0.317450344563,-0.487700372934,0.564351797104
0.733322203159,0.353539079428,1.06016743183,-0.585094809532,-0.316848933697,-0.487524300814,0.565323829651
0.729794502258,0.352091759443,1.06012308598,-0.578835308552,-0.317877054214,-0.49340981245,0.566083729267
0.733450174332,0.354662835598,1.06052649021,-0.582864463329,-0.317565023899,-0.486796140671,0.567847728729
0.729857087135,0.353488355875,1.06046450138,-0.577245295048,-0.318337857723,-0.491688609123,0.568938851357
0.731804668903,0.355294764042,1.06094384193,-0.579650342464,-0.318328410387,-0.487107723951,0.570437371731
0.731705307961,0.355867981911,1.0612732172,-0.578483521938,-0.31869405508,-0.485847443342,0.57248878479
0.731388986111,0.35684877634,1.06153333187,-0.577558159828,-0.320578634739,-0.483839988708,0.574068546295
0.731061458588,0.357156813145,1.06151151657,-0.577137291431,-0.320187956095,-0.481977075338,0.576272726059
0.730565547943,0.357543885708,1.06164264679,0.575643360615,0.320824712515,0.48068317771,-0.578489363194
0.73010623455,0.358536720276,1.06205391884,0.575800359249,0.321979016066,0.477618902922,-0.580227255821
0.72937476635,0.359004586935,1.06226718426,0.575290322304,0.322664439678,0.475495576859,-0.582093477249
0.728696107864,0.359755516052,1.06263303757,0.57461977005,0.32469522953,0.472949951887,-0.583698093891
0.727809429169,0.360179364681,1.0630351305,0.574826300144,0.325463473797,0.469989538193,-0.585455536842
0.726744949818,0.360650330782,1.0633263588,0.574144780636,0.326192528009,0.469661325216,-0.585981547832
0.724008798599,0.3601988554,1.06328034401,0.570831537247,0.329407185316,0.466050505638,-0.590287268162
0.723662734032,0.360504031181,1.06346654892,0.570535242558,0.3305529356,0.461254566908,-0.593690693378
0.723322272301,0.362496197224,1.0643415451,0.571149468422,0.333775013685,0.455335974693,-0.595862329006
0.721424818039,0.361651748419,1.06414711475,0.568605899811,0.334869146347,0.452756911516,-0.599634289742
0.72082400322,0.363428235054,1.06498658657,0.568948686123,0.337804853916,0.447695404291,-0.601459980011
0.719612240791,0.362546026707,1.06461572647,0.565695643425,0.339847326279,0.44457373023,-0.60567855835
0.719063937664,0.363534152508,1.06503880024,0.56709331274,0.341484248638,0.440135538578,-0.606691420078
0.717911422253,0.363745212555,1.06518471241,0.56608068943,0.341809868813,0.435812145472,-0.610562443733
0.716747820377,0.363948643208,1.06530499458,0.565395772457,0.343453973532,0.432209938765,-0.612830996513
0.715507686138,0.364010632038,1.06541311741,0.564743936062,0.345257908106,0.429349273443,-0.614427089691
0.714315712452,0.364118814468,1.06544733047,0.5641695261,0.346693843603,0.426418483257,-0.616184651852
0.713179111481,0.364146947861,1.06552696228,0.563603103161,0.3475522995,0.424300462008,-0.617679476738
0.712082326412,0.364182710648,1.06558966637,0.562831759453,0.349103659391,0.422148376703,-0.618981420994
0.710963368416,0.364128768444,1.06558454037,0.562061727047,0.350794881582,0.419832259417,-0.620298683643
0.708097577095,0.363600164652,1.0658570528,0.55914914608,0.353843957186,0.420859485865,-0.620503008366
0.70704215765,0.363396465778,1.06580018997,0.558607876301,0.354406923056,0.42063087225,-0.620824337006
0.706073701382,0.3633248806,1.06570160389,0.558230578899,0.355730861425,0.419365286827,-0.621262431145
0.705195248127,0.36314278841,1.06564462185,0.557914912701,0.356117129326,0.419471621513,-0.621253013611
0.704349637032,0.362906247377,1.06543827057,0.556976497173,0.356668680906,0.419268012047,-0.621915638447
0.70361661911,0.362910866737,1.06518399715,0.556300580502,0.358121901751,0.418057709932,-0.622499883175
0.703067660332,0.362793952227,1.06511092186,0.555804312229,0.358307629824,0.418089479208,-0.622815012932
0.702379226685,0.362622410059,1.06505548954,0.55506837368,0.358753949404,0.417993575335,-0.623278677464
0.702002048492,0.362741082907,1.06489479542,0.5548427701,0.35930198431,0.417461961508,-0.623519957066
0.701626121998,0.362946271896,1.06460773945,0.555125594139,0.359921038151,0.416770905256,-0.623373687267
0.70108550787,0.36308452487,1.06454181671,0.554801225662,0.360640585423,0.416603684425,-0.62335807085
0.700788080692,0.36305680871,1.06449890137,0.554144978523,0.361554861069,0.415416032076,-0.624204277992
0.700573325157,0.363144218922,1.06438994408,0.553750872612,0.361922979355,0.414918541908,-0.624671399593
0.700390577316,0.363531947136,1.06412041187,0.554059445858,0.362159192562,0.414278715849,-0.624685525894
0.700219869614,0.363698989153,1.06399440765,0.553644776344,0.362497925758,0.413682818413,-0.625251471996
0.699878334999,0.36380058527,1.06390929222,0.553194522858,0.363055080175,0.413352757692,-0.625545024872
0.700504541397,0.364224076271,1.06376969814,0.554024398327,0.362483769655,0.412035703659,-0.626010417938
0.699703216553,0.364476770163,1.06390380859,0.552983939648,0.363792300224,0.412244796753,-0.626033782959
0.701127767563,0.365108072758,1.06342315674,0.554879188538,0.362353086472,0.410097539425,-0.62660163641
0.701127409935,0.365376591682,1.06340098381,0.554692745209,0.362432956696,0.409577459097,-0.627060472965
0.699641942978,0.365357279778,1.06362557411,0.552875578403,0.364296257496,0.410763770342,-0.626809418201
0.699671030045,0.36569839716,1.06363010406,0.55280071497,0.364396125078,0.410284340382,-0.627131402493
0.699663519859,0.365932762623,1.0635818243,0.552897870541,0.364691704512,0.40977576375,-0.627206385136
0.701262772083,0.366427898407,1.06321787834,0.555154561996,0.362818002701,0.407472640276,-0.627799868584
0.701255381107,0.366658508778,1.06314611435,0.555313944817,0.363164663315,0.406677395105,-0.62797409296
0.701238274574,0.3668410182,1.06311798096,0.555584430695,0.363197505474,0.40558591485,-0.628421485424
0.701227486134,0.366876006126,1.06320643425,0.555402040482,0.36334708333,0.40512740612,-0.628792047501
0.701210558414,0.367014467716,1.06314992905,0.555534660816,0.363532423973,0.404617011547,-0.628896176815
0.701207220554,0.367151558399,1.06311678886,0.555799484253,0.363576442003,0.40422514081,-0.628888905048
0.701187491417,0.367215365171,1.06304144859,0.556226611137,0.363803774118,0.403990149498,-0.628530800343
0.701191008091,0.367239654064,1.06301808357,0.556480407715,0.363601028919,0.404250264168,-0.62825602293
0.701213002205,0.367224723101,1.06297576427,0.556823432446,0.36382740736,0.40406703949,-0.627938866615
0.701295375824,0.367199420929,1.06293654442,0.557078778744,0.363883674145,0.403763920069,-0.627874791622
0.701370120049,0.367030829191,1.0630209446,0.557003080845,0.364104181528,0.403351604939,-0.628079116344
0.701541483402,0.367002248764,1.06296479702,0.557546913624,0.364023268223,0.402939677238,-0.6279078722
0.701716661453,0.367142289877,1.06280148029,0.558640420437,0.364113241434,0.401775419712,-0.627629697323
0.701886594296,0.367195487022,1.06268501282,0.559898912907,0.363551437855,0.401775568724,-0.626833319664
0.702109098434,0.367112100124,1.06266438961,0.560871660709,0.363628476858,0.401544898748,-0.62606626749
0.702316224575,0.366908073425,1.06277596951,0.561363875866,0.363776415586,0.40073749423,-0.626056671143
0.702727913857,0.367094665766,1.06269061565,0.562531590462,0.363391131163,0.399907588959,-0.625762760639
0.703060746193,0.367007017136,1.06276512146,0.563550889492,0.362498492002,0.400076210499,-0.625255405903
0.703420817852,0.366927742958,1.06288671494,0.565118849277,0.362333774567,0.399557858706,-0.624266505241
0.703805267811,0.366879701614,1.06294155121,0.566320776939,0.361685544252,0.398943573236,-0.623945832253
0.704191327095,0.36675286293,1.06308162212,0.566587507725,0.361223697662,0.397969424725,-0.624593019485
0.704697608948,0.366768419743,1.06299638748,0.567795753479,0.36082392931,0.396510720253,-0.624654769897
0.70520824194,0.36652302742,1.06330776215,0.569648504257,0.358987778425,0.396688431501,-0.623912572861
0.705752193928,0.366422444582,1.06341814995,0.57116240263,0.358802318573,0.394966512918,-0.623727619648
0.706453442574,0.366454541683,1.06350409985,0.572708547115,0.356941282749,0.394381165504,-0.623747944832
0.707103610039,0.366475582123,1.06363630295,0.573259890079,0.35605725646,0.391590982676,-0.625502169132
0.707741200924,0.366505235434,1.06379151344,0.575118124485,0.35478323698,0.390661537647,-0.625101268291
0.708398222923,0.366495132446,1.06393933296,0.575909674168,0.353223919868,0.388871192932,-0.626370728016
0.708992540836,0.366231501102,1.06434071064,0.577324211597,0.35174959898,0.388185083866,-0.626323521137
0.709709227085,0.366248369217,1.06458795071,0.579076766968,0.350181460381,0.389039814472,-0.625053048134
0.7101110816,0.365913450718,1.06471633911,0.580025017262,0.34862947464,0.387774974108,-0.625826716423
0.710730314255,0.365966290236,1.06499040127,0.581512749195,0.347807943821,0.386074692011,-0.625954389572
0.711266577244,0.365972101688,1.06539320946,0.582916498184,0.346808701754,0.384584337473,-0.626120746136
0.711814105511,0.365907728672,1.06582117081,0.584618091583,0.346486657858,0.382814109325,-0.625797092915
0.712373018265,0.365899831057,1.06618440151,0.586171865463,0.345134079456,0.380840212107,-0.626295208931
0.712856113911,0.365948200226,1.06640291214,0.587208986282,0.344582289457,0.378965169191,-0.626764774323
0.713225007057,0.365674644709,1.06684732437,0.588226556778,0.34640750289,0.378552287817,-0.625051796436
